-- MariaDB dump 10.19  Distrib 10.4.32-MariaDB, for Win64 (AMD64)
--
-- Host: 127.0.0.1    Database: stocktrackpro
-- ------------------------------------------------------
-- Server version	10.4.32-MariaDB

/*!40101 SET @OLD_CHARACTER_SET_CLIENT=@@CHARACTER_SET_CLIENT */;
/*!40101 SET @OLD_CHARACTER_SET_RESULTS=@@CHARACTER_SET_RESULTS */;
/*!40101 SET @OLD_COLLATION_CONNECTION=@@COLLATION_CONNECTION */;
/*!40101 SET NAMES utf8mb4 */;
/*!40103 SET @OLD_TIME_ZONE=@@TIME_ZONE */;
/*!40103 SET TIME_ZONE='+00:00' */;
/*!40014 SET @OLD_UNIQUE_CHECKS=@@UNIQUE_CHECKS, UNIQUE_CHECKS=0 */;
/*!40014 SET @OLD_FOREIGN_KEY_CHECKS=@@FOREIGN_KEY_CHECKS, FOREIGN_KEY_CHECKS=0 */;
/*!40101 SET @OLD_SQL_MODE=@@SQL_MODE, SQL_MODE='NO_AUTO_VALUE_ON_ZERO' */;
/*!40111 SET @OLD_SQL_NOTES=@@SQL_NOTES, SQL_NOTES=0 */;

--
-- Current Database: `stocktrackpro`
--

CREATE DATABASE /*!32312 IF NOT EXISTS*/ `stocktrackpro` /*!40100 DEFAULT CHARACTER SET latin1 COLLATE latin1_swedish_ci */;

USE `stocktrackpro`;

--
-- Table structure for table `adjustments`
--

DROP TABLE IF EXISTS `adjustments`;
/*!40101 SET @saved_cs_client     = @@character_set_client */;
/*!40101 SET character_set_client = utf8 */;
CREATE TABLE `adjustments` (
  `id` int(11) NOT NULL AUTO_INCREMENT,
  `product_id` int(11) DEFAULT NULL,
  `qty_delta` int(11) DEFAULT NULL,
  `reason` enum('damage','writeoff','correction','qa_sample') NOT NULL,
  `approved_by` int(11) DEFAULT NULL,
  `created_at` datetime NOT NULL,
  PRIMARY KEY (`id`),
  KEY `product_id` (`product_id`),
  KEY `approved_by` (`approved_by`),
  CONSTRAINT `adjustments_ibfk_1` FOREIGN KEY (`product_id`) REFERENCES `products` (`id`),
  CONSTRAINT `adjustments_ibfk_2` FOREIGN KEY (`approved_by`) REFERENCES `wh_users` (`id`)
) ENGINE=InnoDB AUTO_INCREMENT=30 DEFAULT CHARSET=latin1 COLLATE=latin1_swedish_ci;
/*!40101 SET character_set_client = @saved_cs_client */;

--
-- Dumping data for table `adjustments`
--

LOCK TABLES `adjustments` WRITE;
/*!40000 ALTER TABLE `adjustments` DISABLE KEYS */;
INSERT INTO `adjustments` VALUES (16,2,6,'damage',7,'2025-09-03 23:21:44'),(17,11,2,'correction',7,'2025-09-03 23:21:44'),(18,9,-10,'damage',7,'2025-09-03 23:21:44'),(19,11,1,'correction',7,'2025-09-03 23:21:44'),(20,15,7,'writeoff',7,'2025-09-03 23:21:44'),(26,9,-10,'correction',NULL,'2025-09-09 13:05:27'),(27,11,-5,'correction',NULL,'2025-09-09 13:05:33'),(28,12,-1,'qa_sample',NULL,'2025-09-09 13:36:00'),(29,9,-10,'correction',NULL,'2025-09-09 13:36:57');
/*!40000 ALTER TABLE `adjustments` ENABLE KEYS */;
UNLOCK TABLES;

--
-- Table structure for table `categories`
--

DROP TABLE IF EXISTS `categories`;
/*!40101 SET @saved_cs_client     = @@character_set_client */;
/*!40101 SET character_set_client = utf8 */;
CREATE TABLE `categories` (
  `id` int(11) NOT NULL AUTO_INCREMENT,
  `name` varchar(100) NOT NULL,
  `description` text DEFAULT NULL,
  PRIMARY KEY (`id`)
) ENGINE=InnoDB AUTO_INCREMENT=3 DEFAULT CHARSET=latin1 COLLATE=latin1_swedish_ci;
/*!40101 SET character_set_client = @saved_cs_client */;

--
-- Dumping data for table `categories`
--

LOCK TABLES `categories` WRITE;
/*!40000 ALTER TABLE `categories` DISABLE KEYS */;
INSERT INTO `categories` VALUES (1,'Loose Fruit','Individual fresh fruit sold by weight or each'),(2,'Pre-packaged Fruit','Fruit pre-packed in nets, punnets or tubs');
/*!40000 ALTER TABLE `categories` ENABLE KEYS */;
UNLOCK TABLES;

--
-- Table structure for table `customers`
--

DROP TABLE IF EXISTS `customers`;
/*!40101 SET @saved_cs_client     = @@character_set_client */;
/*!40101 SET character_set_client = utf8 */;
CREATE TABLE `customers` (
  `id` int(11) NOT NULL AUTO_INCREMENT,
  `name` varchar(100) NOT NULL,
  `phone` varchar(30) DEFAULT NULL,
  `email` varchar(100) DEFAULT NULL,
  `address` text DEFAULT NULL,
  PRIMARY KEY (`id`)
) ENGINE=InnoDB AUTO_INCREMENT=12 DEFAULT CHARSET=latin1 COLLATE=latin1_swedish_ci;
/*!40101 SET character_set_client = @saved_cs_client */;

--
-- Dumping data for table `customers`
--

LOCK TABLES `customers` WRITE;
/*!40000 ALTER TABLE `customers` DISABLE KEYS */;
INSERT INTO `customers` VALUES (1,'Acme Grocers Ltd','020 7345 1200','purchasing@acme-grocers.co.uk','14–18 Market Road, London, N1 6LF'),(2,'Sunshine Corner Shop','01733 501 882','sunshinecorner@gmail.com','31 Station Street, Peterborough, PE1 1QF'),(3,'Fruit & Fibre Wholesalers','0116 555 2929','orders@fruitfibrewholesale.com','Unit 7, Meridian Park, Leicester, LE19 1WY'),(4,'Campus Eats Café','01223 879 411','stock@campuseats.cam.ac.uk','Trinity Lane, Cambridge, CB2 1TQ'),(5,'Healthy Harvest Juice Bar','01603 642 007','buy@healthyharvestjbar.uk','12 Norwich Lane, Norwich, NR2 4SQ'),(6,'Big Bites Catering','01296 443 300','kitchen@bigbitescat.co.uk','6 Crown Way, Aylesbury, HP19 8BP'),(7,'Best Western Hotel—Kitchen','0191 208 7700','bw-kitchen@bw-hotel.com','Gallowgate, Newcastle upon Tyne, NE4 5SD'),(8,'Little Learners Nursery','0131 447 3322','nurseryoffice@littlelearners.scot','45 Mayfield Rd, Edinburgh, EH9 3AA'),(9,'Pick & Mix Farm Shop','01452 841 615','hello@pickmixfarm.co.uk','High Street, Painswick, GL6 6XX'),(10,'Rainbow Events Co.','0207 404 4405','procurement@rainbowevents.uk','5th Floor, 122 Bishopsgate, London, EC2M 4BP');
/*!40000 ALTER TABLE `customers` ENABLE KEYS */;
UNLOCK TABLES;

--
-- Table structure for table `deliveries`
--

DROP TABLE IF EXISTS `deliveries`;
/*!40101 SET @saved_cs_client     = @@character_set_client */;
/*!40101 SET character_set_client = utf8 */;
CREATE TABLE `deliveries` (
  `id` int(11) NOT NULL AUTO_INCREMENT,
  `product_id` int(11) DEFAULT NULL,
  `qty` int(11) NOT NULL,
  `received_at` datetime NOT NULL,
  `supplier_ref` varchar(100) DEFAULT NULL,
  `note` text DEFAULT NULL,
  PRIMARY KEY (`id`),
  KEY `product_id` (`product_id`),
  CONSTRAINT `deliveries_ibfk_1` FOREIGN KEY (`product_id`) REFERENCES `products` (`id`)
) ENGINE=InnoDB AUTO_INCREMENT=48 DEFAULT CHARSET=latin1 COLLATE=latin1_swedish_ci;
/*!40101 SET character_set_client = @saved_cs_client */;

--
-- Dumping data for table `deliveries`
--

LOCK TABLES `deliveries` WRITE;
/*!40000 ALTER TABLE `deliveries` DISABLE KEYS */;
INSERT INTO `deliveries` VALUES (31,14,126,'2025-07-14 04:43:00','SUP-4327',NULL),(32,15,114,'2025-07-19 17:43:00','SUP-3012',NULL),(33,10,20,'2025-07-03 08:18:00','SUP-2685',NULL),(34,7,49,'2025-07-22 23:58:00','SUP-8071',NULL),(35,4,192,'2025-07-01 12:55:00','SUP-8162',NULL),(36,6,100,'2025-07-13 01:52:00','SUP-7112',NULL),(37,16,199,'2025-07-07 21:52:00','SUP-9543',NULL),(38,1,139,'2025-08-09 00:16:00','SUP-1159',NULL),(39,15,102,'2025-07-06 14:41:00','SUP-7293',NULL),(40,9,42,'2025-07-19 01:37:00','SUP-8632',NULL),(41,11,70,'2025-08-23 16:58:00','SUP-7322',NULL),(42,9,51,'2025-07-19 00:21:00','SUP-8644',NULL),(43,5,116,'2025-07-30 23:22:00','SUP-7494',NULL),(44,6,155,'2025-08-07 09:05:00','SUP-9671',NULL),(45,2,96,'2025-07-02 21:57:00','SUP-1369',NULL);
/*!40000 ALTER TABLE `deliveries` ENABLE KEYS */;
UNLOCK TABLES;

--
-- Table structure for table `order_items`
--

DROP TABLE IF EXISTS `order_items`;
/*!40101 SET @saved_cs_client     = @@character_set_client */;
/*!40101 SET character_set_client = utf8 */;
CREATE TABLE `order_items` (
  `id` int(11) NOT NULL AUTO_INCREMENT,
  `order_id` int(11) DEFAULT NULL,
  `product_id` int(11) DEFAULT NULL,
  `quantity` int(11) NOT NULL,
  `price` decimal(10,2) NOT NULL,
  PRIMARY KEY (`id`),
  KEY `order_id` (`order_id`),
  KEY `product_id` (`product_id`),
  CONSTRAINT `order_items_ibfk_1` FOREIGN KEY (`order_id`) REFERENCES `orders` (`id`),
  CONSTRAINT `order_items_ibfk_2` FOREIGN KEY (`product_id`) REFERENCES `products` (`id`)
) ENGINE=InnoDB AUTO_INCREMENT=647 DEFAULT CHARSET=latin1 COLLATE=latin1_swedish_ci;
/*!40101 SET character_set_client = @saved_cs_client */;

--
-- Dumping data for table `order_items`
--

LOCK TABLES `order_items` WRITE;
/*!40000 ALTER TABLE `order_items` DISABLE KEYS */;
INSERT INTO `order_items` VALUES (42,1001,9,31,1.40),(43,1001,4,144,0.28),(44,1001,15,27,2.50),(45,1001,3,113,0.35),(46,1002,7,134,0.18),(47,1002,4,11,0.28),(48,1003,14,76,2.15),(49,1003,4,6,0.28),(50,1003,8,45,0.40),(51,1003,10,113,1.45),(52,1004,7,91,0.18),(53,1004,13,31,2.20),(54,1005,12,93,1.95),(55,1005,14,72,2.15),(56,1006,4,146,0.28),(57,1006,15,80,2.50),(58,1006,7,97,0.18),(59,1006,2,54,0.32),(60,1007,8,64,0.40),(61,1007,13,30,2.20),(62,1007,5,102,0.22),(63,1007,2,76,0.32),(64,1008,6,58,0.20),(65,1008,16,73,2.30),(66,1008,15,23,2.50),(67,1009,8,123,0.40),(68,1009,3,102,0.35),(69,1010,8,19,0.40),(70,1010,11,63,1.60),(71,1010,6,13,0.20),(72,1010,13,85,2.20),(73,1011,7,150,0.18),(74,1011,15,85,2.50),(75,1012,13,122,2.20),(76,1012,15,41,2.50),(77,1012,11,72,1.60),(78,1013,9,107,1.40),(79,1013,12,97,1.95),(80,1013,10,61,1.45),(81,1013,7,40,0.18),(82,1014,2,33,0.32),(83,1014,14,44,2.15),(84,1015,3,124,0.35),(85,1015,7,140,0.18),(86,1015,15,69,2.50),(87,1016,4,73,0.28),(88,1016,11,92,1.60),(89,1016,9,33,1.40),(90,1016,13,80,2.20),(91,1017,1,72,0.30),(92,1017,12,133,1.95),(93,1017,15,50,2.50),(94,1018,10,55,1.45),(95,1018,14,44,2.15),(96,1018,11,100,1.60),(97,1018,9,46,1.40),(98,1019,11,9,1.60),(99,1019,8,33,0.40),(100,1020,2,150,0.32),(101,1020,4,25,0.28),(102,1021,5,126,0.22),(103,1021,3,145,0.35),(104,1022,14,56,2.15),(105,1022,4,84,0.28),(106,1022,9,107,1.40),(107,1022,13,100,2.20),(108,1023,4,21,0.28),(109,1023,16,91,2.30),(110,1023,15,10,2.50),(111,1024,8,23,0.40),(112,1024,1,20,0.30),(113,1025,11,136,1.60),(114,1025,2,65,0.32),(115,1026,7,126,0.18),(116,1026,9,67,1.40),(117,1026,3,126,0.35),(118,1027,4,115,0.28),(119,1027,11,95,1.60),(120,1028,2,30,0.32),(121,1028,11,20,1.60),(122,1028,15,108,2.50),(123,1029,7,142,0.18),(124,1029,4,119,0.28),(125,1030,9,68,1.40),(126,1030,8,24,0.40),(127,1031,2,143,0.32),(128,1031,11,8,1.60),(129,1032,14,128,2.15),(130,1032,8,59,0.40),(131,1033,13,104,2.20),(132,1033,1,72,0.30),(133,1034,16,80,2.30),(134,1034,3,60,0.35),(135,1034,4,19,0.28),(136,1035,11,17,1.60),(137,1035,1,127,0.30),(138,1036,2,25,0.32),(139,1036,9,52,1.40),(140,1037,8,35,0.40),(141,1037,7,150,0.18),(142,1038,2,149,0.32),(143,1038,10,138,1.45),(144,1038,16,85,2.30),(145,1038,7,71,0.18),(146,1039,11,38,1.60),(147,1039,4,81,0.28),(148,1039,5,122,0.22),(149,1039,7,85,0.18),(150,1040,4,59,0.28),(151,1040,2,134,0.32),(152,1040,9,72,1.40),(153,1041,8,77,0.40),(154,1041,6,45,0.20),(155,1042,10,140,1.45),(156,1042,16,7,2.30),(157,1042,13,146,2.20),(158,1042,11,81,1.60),(159,1043,4,146,0.28),(160,1043,15,44,2.50),(161,1043,2,74,0.32),(162,1044,11,72,1.60),(163,1044,4,134,0.28),(164,1045,3,113,0.35),(165,1045,11,75,1.60),(166,1046,5,46,0.22),(167,1046,11,118,1.60),(168,1046,16,146,2.30),(169,1047,4,43,0.28),(170,1047,2,144,0.32),(171,1048,5,83,0.22),(172,1048,7,98,0.18),(173,1048,3,15,0.35),(174,1048,1,96,0.30),(175,1049,4,148,0.28),(176,1049,6,109,0.20),(177,1050,6,50,0.20),(178,1050,13,110,2.20),(179,1051,11,68,1.60),(180,1051,13,73,2.20),(181,1051,7,45,0.18),(182,1051,15,32,2.50),(183,1052,8,122,0.40),(184,1052,4,94,0.28),(185,1052,14,83,2.15),(186,1053,7,89,0.18),(187,1053,16,76,2.30),(188,1054,13,142,2.20),(189,1054,11,89,1.60),(190,1054,14,12,2.15),(191,1055,9,32,1.40),(192,1055,1,116,0.30),(193,1056,4,53,0.28),(194,1056,7,70,0.18),(195,1056,10,16,1.45),(196,1057,7,89,0.18),(197,1057,6,85,0.20),(198,1057,16,36,2.30),(199,1057,2,81,0.32),(200,1058,14,80,2.15),(201,1058,6,146,0.20),(202,1058,7,37,0.18),(203,1058,12,54,1.95),(204,1059,6,82,0.20),(205,1059,10,108,1.45),(206,1059,15,145,2.50),(207,1060,7,87,0.18),(208,1060,16,124,2.30),(209,1060,13,118,2.20),(210,1061,16,48,2.30),(211,1061,13,26,2.20),(212,1062,11,65,1.60),(213,1062,2,84,0.32),(214,1062,14,62,2.15),(215,1062,13,55,2.20),(216,1063,8,23,0.40),(217,1063,16,121,2.30),(218,1064,7,131,0.18),(219,1064,12,107,1.95),(220,1064,15,67,2.50),(221,1064,16,42,2.30),(222,1065,8,137,0.40),(223,1065,3,123,0.35),(224,1065,13,17,2.20),(225,1066,15,123,2.50),(226,1066,3,140,0.35),(227,1067,15,134,2.50),(228,1067,10,114,1.45),(229,1067,14,145,2.15),(230,1068,16,68,2.30),(231,1068,8,75,0.40),(232,1068,5,138,0.22),(233,1068,13,129,2.20),(234,1069,3,65,0.35),(235,1069,12,74,1.95),(236,1069,5,90,0.22),(237,1070,5,64,0.22),(238,1070,3,103,0.35),(239,1071,14,89,2.15),(240,1071,7,143,0.18),(241,1072,7,112,0.18),(242,1072,14,104,2.15),(243,1073,13,6,2.20),(244,1073,8,95,0.40),(245,1074,8,74,0.40),(246,1074,16,116,2.30),(247,1074,4,129,0.28),(248,1075,13,124,2.20),(249,1075,12,37,1.95),(250,1075,3,141,0.35),(251,1076,1,39,0.30),(252,1076,2,123,0.32),(253,1076,11,51,1.60),(254,1076,7,17,0.18),(255,1077,7,91,0.18),(256,1077,8,102,0.40),(257,1077,6,76,0.20),(258,1078,16,143,2.30),(259,1078,1,18,0.30),(260,1079,3,12,0.35),(261,1079,13,68,2.20),(262,1079,11,56,1.60),(263,1079,1,10,0.30),(264,1080,5,34,0.22),(265,1080,8,149,0.40),(266,1081,9,34,1.40),(267,1081,13,46,2.20),(268,1081,6,84,0.20),(269,1081,3,32,0.35),(270,1082,13,55,2.20),(271,1082,7,24,0.18),(272,1082,12,67,1.95),(273,1083,4,15,0.28),(274,1083,13,93,2.20),(275,1083,10,141,1.45),(276,1084,3,92,0.35),(277,1084,9,8,1.40),(278,1084,11,112,1.60),(279,1085,12,122,1.95),(280,1085,11,44,1.60),(281,1085,14,116,2.15),(282,1086,9,128,1.40),(283,1086,10,124,1.45),(284,1086,13,116,2.20),(285,1086,16,73,2.30),(286,1087,9,120,1.40),(287,1087,15,67,2.50),(288,1088,13,88,2.20),(289,1088,6,51,0.20),(290,1088,1,129,0.30),(291,1088,8,59,0.40),(292,1089,9,75,1.40),(293,1089,15,147,2.50),(294,1089,10,7,1.45),(295,1090,8,109,0.40),(296,1090,12,130,1.95),(297,1091,16,119,2.30),(298,1091,11,9,1.60),(299,1091,12,28,1.95),(300,1091,8,80,0.40),(301,1092,8,99,0.40),(302,1092,5,126,0.22),(303,1092,11,146,1.60),(304,1092,10,140,1.45),(305,1093,11,74,1.60),(306,1093,6,83,0.20),(307,1093,12,69,1.95),(308,1093,8,64,0.40),(309,1094,4,52,0.28),(310,1094,12,54,1.95),(311,1094,9,60,1.40),(312,1095,10,80,1.45),(313,1095,2,63,0.32),(314,1095,14,97,2.15),(315,1095,4,50,0.28),(316,1096,5,146,0.22),(317,1096,16,79,2.30),(318,1096,1,37,0.30),(319,1096,14,130,2.15),(320,1097,10,92,1.45),(321,1097,8,52,0.40),(322,1097,15,18,2.50),(323,1097,14,69,2.15),(324,1098,13,23,2.20),(325,1098,8,18,0.40),(326,1099,10,147,1.45),(327,1099,2,111,0.32),(328,1099,4,62,0.28),(329,1099,15,138,2.50),(330,1100,10,114,1.45),(331,1100,14,83,2.15),(332,1100,16,150,2.30),(333,1101,1,86,0.30),(334,1101,9,55,1.40),(335,1101,11,122,1.60),(336,1102,12,71,1.95),(337,1102,10,139,1.45),(338,1102,3,124,0.35),(339,1102,9,107,1.40),(340,1103,5,126,0.22),(341,1103,11,16,1.60),(342,1104,2,140,0.32),(343,1104,8,79,0.40),(344,1105,8,113,0.40),(345,1105,4,39,0.28),(346,1106,4,31,0.28),(347,1106,15,144,2.50),(348,1106,12,23,1.95),(349,1107,5,128,0.22),(350,1107,13,11,2.20),(351,1108,7,86,0.18),(352,1108,3,99,0.35),(353,1108,5,142,0.22),(354,1108,15,83,2.50),(355,1109,6,9,0.20),(356,1109,9,24,1.40),(357,1109,11,8,1.60),(358,1110,9,42,1.40),(359,1110,15,116,2.50),(360,1110,2,139,0.32),(361,1110,11,103,1.60),(362,1111,12,94,1.95),(363,1111,11,74,1.60),(364,1111,15,31,2.50),(365,1112,12,83,1.95),(366,1112,15,23,2.50),(367,1112,16,150,2.30),(368,1112,9,61,1.40),(369,1113,9,72,1.40),(370,1113,13,136,2.20),(371,1113,15,71,2.50),(372,1113,6,132,0.20),(373,1114,9,32,1.40),(374,1114,14,39,2.15),(375,1115,15,117,2.50),(376,1115,3,72,0.35),(377,1115,8,36,0.40),(378,1115,4,27,0.28),(379,1116,5,66,0.22),(380,1116,14,85,2.15),(381,1117,2,149,0.32),(382,1117,11,131,1.60),(383,1117,1,33,0.30),(384,1118,7,93,0.18),(385,1118,6,9,0.20),(386,1119,9,36,1.40),(387,1119,12,92,1.95),(388,1120,12,147,1.95),(389,1120,10,35,1.45),(390,1120,15,10,2.50),(391,1120,6,121,0.20),(392,1121,10,84,1.45),(393,1121,2,67,0.32),(394,1121,6,83,0.20),(395,1122,6,35,0.20),(396,1122,7,124,0.18),(397,1122,8,85,0.40),(398,1123,13,126,2.20),(399,1123,6,80,0.20),(400,1123,12,16,1.95),(401,1123,8,17,0.40),(402,1124,4,104,0.28),(403,1124,11,134,1.60),(404,1125,8,145,0.40),(405,1125,9,96,1.40),(406,1125,11,122,1.60),(407,1126,8,81,0.40),(408,1126,7,95,0.18),(409,1126,10,149,1.45),(410,1126,6,99,0.20),(411,1127,12,103,1.95),(412,1127,11,148,1.60),(413,1128,13,141,2.20),(414,1128,2,7,0.32),(415,1128,14,118,2.15),(416,1129,5,57,0.22),(417,1129,2,67,0.32),(418,1129,16,150,2.30),(419,1129,12,71,1.95),(420,1130,6,149,0.20),(421,1130,15,79,2.50),(422,1130,16,120,2.30),(423,1130,3,143,0.35),(424,1131,10,107,1.45),(425,1131,1,132,0.30),(426,1131,5,113,0.22),(427,1132,12,124,1.95),(428,1132,10,129,1.45),(429,1132,2,69,0.32),(430,1133,8,29,0.40),(431,1133,13,148,2.20),(432,1133,16,111,2.30),(433,1134,3,140,0.35),(434,1134,10,109,1.45),(435,1134,12,128,1.95),(436,1134,14,65,2.15),(437,1135,3,133,0.35),(438,1135,6,120,0.20),(439,1136,1,129,0.30),(440,1136,8,38,0.40),(441,1136,16,94,2.30),(442,1136,7,95,0.18),(443,1137,3,52,0.35),(444,1137,7,38,0.18),(445,1137,4,85,0.28),(446,1138,1,149,0.30),(447,1138,11,59,1.60),(448,1139,7,49,0.18),(449,1139,3,27,0.35),(450,1140,11,37,1.60),(451,1140,9,108,1.40),(452,1140,1,122,0.30),(453,1141,8,130,0.40),(454,1141,9,58,1.40),(455,1141,6,79,0.20),(456,1141,16,139,2.30),(457,1142,3,58,0.35),(458,1142,11,74,1.60),(459,1142,6,102,0.20),(460,1142,13,77,2.20),(461,1143,4,78,0.28),(462,1143,7,39,0.18),(463,1143,8,147,0.40),(464,1143,9,43,1.40),(465,1144,7,87,0.18),(466,1144,5,93,0.22),(467,1144,3,107,0.35),(468,1145,11,141,1.60),(469,1145,7,11,0.18),(470,1145,12,140,1.95),(471,1146,8,66,0.40),(472,1146,7,105,0.18),(473,1146,2,112,0.32),(474,1146,3,52,0.35),(475,1147,5,16,0.22),(476,1147,15,5,2.50),(477,1148,12,70,1.95),(478,1148,7,145,0.18),(479,1148,3,71,0.35),(480,1149,15,5,2.50),(481,1149,4,110,0.28),(482,1150,5,22,0.22),(483,1150,3,62,0.35),(484,1150,15,144,2.50),(485,1150,14,11,2.15),(486,1151,12,118,1.95),(487,1151,4,116,0.28),(488,1151,7,135,0.18),(489,1152,16,65,2.30),(490,1152,15,92,2.50),(491,1153,2,65,0.32),(492,1153,6,81,0.20),(493,1153,11,73,1.60),(494,1153,1,94,0.30),(495,1154,13,134,2.20),(496,1154,1,90,0.30),(497,1154,5,125,0.22),(498,1155,8,90,0.40),(499,1155,6,58,0.20),(500,1156,8,79,0.40),(501,1156,2,56,0.32),(502,1156,3,21,0.35),(503,1156,11,125,1.60),(504,1157,7,42,0.18),(505,1157,14,128,2.15),(506,1157,16,66,2.30),(507,1158,3,124,0.35),(508,1158,4,31,0.28),(509,1158,2,10,0.32),(510,1159,7,50,0.18),(511,1159,16,71,2.30),(512,1159,1,14,0.30),(513,1159,6,45,0.20),(514,1160,7,31,0.18),(515,1160,10,72,1.45),(516,1160,4,42,0.28),(517,1161,3,42,0.35),(518,1161,11,94,1.60),(519,1161,15,113,2.50),(520,1162,13,124,2.20),(521,1162,2,113,0.32),(522,1162,14,82,2.15),(523,1163,7,84,0.18),(524,1163,14,69,2.15),(525,1163,15,67,2.50),(526,1163,8,40,0.40),(527,1164,10,8,1.45),(528,1164,2,71,0.32),(529,1165,15,63,2.50),(530,1165,6,60,0.20),(531,1165,7,54,0.18),(532,1165,4,101,0.28),(533,1166,3,115,0.35),(534,1166,5,126,0.22),(535,1166,1,100,0.30),(536,1166,13,59,2.20),(537,1167,2,9,0.32),(538,1167,15,67,2.50),(539,1167,5,91,0.22),(540,1167,6,64,0.20),(541,1168,7,116,0.18),(542,1168,13,120,2.20),(543,1168,12,28,1.95),(544,1168,15,28,2.50),(545,1169,11,46,1.60),(546,1169,10,12,1.45),(547,1169,12,93,1.95),(548,1169,16,59,2.30),(549,1170,11,86,1.60),(550,1170,4,8,0.28),(551,1171,8,93,0.40),(552,1171,5,42,0.22),(553,1172,3,140,0.35),(554,1172,8,5,0.40),(555,1172,13,23,2.20),(556,1172,11,72,1.60),(557,1173,5,27,0.22),(558,1173,12,19,1.95),(559,1173,4,16,0.28),(560,1173,13,123,2.20),(561,1174,12,68,1.95),(562,1174,9,46,1.40),(563,1175,7,23,0.18),(564,1175,3,29,0.35),(565,1175,9,113,1.40),(566,1175,8,114,0.40),(567,1176,13,14,2.20),(568,1176,7,51,0.18),(569,1176,4,109,0.28),(570,1176,3,68,0.35),(571,1177,15,99,2.50),(572,1177,13,46,2.20),(573,1177,11,144,1.60),(574,1177,12,14,1.95),(575,1178,12,59,1.95),(576,1178,9,128,1.40),(577,1178,4,83,0.28),(578,1179,4,59,0.28),(579,1179,9,73,1.40),(580,1180,7,119,0.18),(581,1180,15,95,2.50),(582,1180,16,27,2.30),(583,1180,2,41,0.32),(584,1181,6,52,0.20),(585,1181,4,63,0.28),(586,1181,8,88,0.40),(587,1182,15,122,2.50),(588,1182,6,97,0.20),(589,1182,8,97,0.40),(590,1183,8,104,0.40),(591,1183,15,147,2.50),(592,1184,9,38,1.40),(593,1184,4,5,0.28),(594,1184,14,48,2.15),(595,1185,1,94,0.30),(596,1185,4,13,0.28),(597,1185,13,96,2.20),(598,1185,7,15,0.18),(599,1186,3,11,0.35),(600,1186,6,112,0.20),(601,1187,1,36,0.30),(602,1187,13,119,2.20),(603,1188,6,137,0.20),(604,1188,12,71,1.95),(605,1188,3,64,0.35),(606,1189,12,92,1.95),(607,1189,6,8,0.20),(608,1189,10,111,1.45),(609,1190,12,96,1.95),(610,1190,9,128,1.40),(611,1190,3,102,0.35),(612,1190,10,90,1.45),(613,1191,11,105,1.60),(614,1191,12,31,1.95),(615,1191,4,65,0.28),(616,1192,11,15,1.60),(617,1192,8,9,0.40),(618,1192,3,149,0.35),(619,1192,7,84,0.18),(620,1193,7,125,0.18),(621,1193,4,116,0.28),(622,1194,10,42,1.45),(623,1194,15,31,2.50),(624,1195,14,84,2.15),(625,1195,1,118,0.30),(626,1195,16,108,2.30),(627,1196,8,105,0.40),(628,1196,12,88,1.95),(629,1197,11,95,1.60),(630,1197,15,29,2.50),(631,1197,5,52,0.22),(632,1197,1,88,0.30),(633,1198,13,37,2.20),(634,1198,15,64,2.50),(635,1198,6,126,0.20),(636,1199,2,74,0.32),(637,1199,3,107,0.35),(638,1200,12,129,1.95),(639,1200,3,31,0.35),(640,1200,7,43,0.18),(641,1201,9,10,1.40),(642,1201,10,10,1.45),(643,1201,16,20,2.30),(644,1201,8,10,0.40),(645,1201,4,10,0.28),(646,1201,15,30,2.50);
/*!40000 ALTER TABLE `order_items` ENABLE KEYS */;
UNLOCK TABLES;

--
-- Table structure for table `orders`
--

DROP TABLE IF EXISTS `orders`;
/*!40101 SET @saved_cs_client     = @@character_set_client */;
/*!40101 SET character_set_client = utf8 */;
CREATE TABLE `orders` (
  `id` int(11) NOT NULL AUTO_INCREMENT,
  `customer_id` int(11) DEFAULT NULL,
  `order_date` datetime NOT NULL,
  `total` decimal(10,2) NOT NULL,
  PRIMARY KEY (`id`),
  KEY `customer_id` (`customer_id`),
  CONSTRAINT `orders_ibfk_1` FOREIGN KEY (`customer_id`) REFERENCES `customers` (`id`)
) ENGINE=InnoDB AUTO_INCREMENT=1204 DEFAULT CHARSET=latin1 COLLATE=latin1_swedish_ci;
/*!40101 SET character_set_client = @saved_cs_client */;

--
-- Dumping data for table `orders`
--

LOCK TABLES `orders` WRITE;
/*!40000 ALTER TABLE `orders` DISABLE KEYS */;
INSERT INTO `orders` VALUES (1001,2,'2017-03-19 16:56:13',190.77),(1002,1,'2017-04-03 13:50:30',27.20),(1003,5,'2018-09-10 12:24:34',346.93),(1004,6,'2019-05-14 09:35:20',84.58),(1005,2,'2020-03-26 09:25:59',336.15),(1006,1,'2020-11-28 09:12:06',275.62),(1007,2,'2017-05-23 08:54:49',138.36),(1008,8,'2022-05-30 12:04:02',237.00),(1009,10,'2022-05-27 09:24:46',84.90),(1010,5,'2022-06-12 09:50:26',298.00),(1011,7,'2019-04-12 14:12:25',239.50),(1012,4,'2022-07-30 09:02:57',486.10),(1013,3,'2019-02-06 15:52:47',434.60),(1014,9,'2021-03-14 09:12:29',105.16),(1015,3,'2022-10-16 14:21:25',241.10),(1016,2,'2017-02-05 16:05:13',389.84),(1017,3,'2018-05-07 09:05:48',405.95),(1018,5,'2017-11-27 14:33:57',398.75),(1019,9,'2021-07-06 16:02:09',27.60),(1020,6,'2019-08-14 09:54:55',55.00),(1021,2,'2021-02-18 12:04:30',78.47),(1022,3,'2019-04-04 12:03:16',513.72),(1023,8,'2021-05-28 11:15:07',240.18),(1024,10,'2021-09-17 13:22:56',15.20),(1025,4,'2017-07-29 09:43:56',238.40),(1026,5,'2022-09-10 10:35:54',160.58),(1027,2,'2018-08-15 13:59:33',184.20),(1028,7,'2020-07-01 10:00:27',311.60),(1029,6,'2017-12-06 11:41:22',58.88),(1030,3,'2020-08-03 17:46:30',104.80),(1031,8,'2021-09-06 09:13:46',58.56),(1032,2,'2019-01-05 09:43:56',298.80),(1033,7,'2017-07-02 14:10:21',250.40),(1034,5,'2019-06-06 15:43:27',210.32),(1035,10,'2021-08-12 13:00:17',65.30),(1036,9,'2021-07-09 13:38:07',80.80),(1037,2,'2022-01-23 17:02:00',41.00),(1038,4,'2021-12-04 15:20:00',456.06),(1039,4,'2022-09-12 10:23:17',125.62),(1040,2,'2017-01-29 12:36:39',160.20),(1041,3,'2019-12-21 09:59:05',39.80),(1042,8,'2021-08-15 17:16:00',669.90),(1043,2,'2018-02-22 15:28:16',174.56),(1044,5,'2022-02-23 11:22:50',152.72),(1045,7,'2019-02-20 09:57:27',159.55),(1046,1,'2017-01-12 11:23:08',534.72),(1047,7,'2021-10-09 16:14:51',58.12),(1048,1,'2020-02-22 12:44:21',69.95),(1049,4,'2022-10-21 12:34:43',63.24),(1050,4,'2018-04-26 14:19:55',252.00),(1051,1,'2018-07-12 16:06:01',357.50),(1052,4,'2017-05-01 16:30:56',253.57),(1053,4,'2018-11-24 14:23:05',190.82),(1054,2,'2019-05-18 15:04:05',480.60),(1055,2,'2019-03-23 13:37:00',79.60),(1056,6,'2019-09-02 13:28:33',50.64),(1057,2,'2017-01-06 10:06:38',141.74),(1058,1,'2019-08-19 11:56:09',313.16),(1059,7,'2022-08-28 10:43:00',535.50),(1060,1,'2019-08-03 12:33:31',560.46),(1061,8,'2022-10-01 12:25:05',167.60),(1062,5,'2021-05-21 10:53:14',385.18),(1063,3,'2017-03-17 10:17:20',287.50),(1064,7,'2022-05-11 14:42:37',496.33),(1065,1,'2017-11-28 13:43:29',135.25),(1066,4,'2019-02-14 15:34:12',356.50),(1067,9,'2022-01-25 13:08:34',812.05),(1068,2,'2018-05-10 11:40:24',500.56),(1069,4,'2019-05-04 13:28:10',186.85),(1070,6,'2021-08-06 14:40:08',50.13),(1071,3,'2018-10-27 17:28:58',217.09),(1072,6,'2020-07-15 08:22:26',243.76),(1073,10,'2022-12-01 11:57:10',51.20),(1074,5,'2020-04-26 15:30:43',332.52),(1075,1,'2020-04-23 13:17:40',394.30),(1076,1,'2020-05-09 14:16:46',135.72),(1077,5,'2020-03-23 11:01:59',72.38),(1078,7,'2019-02-23 08:43:42',334.30),(1079,6,'2018-11-28 15:12:58',246.40),(1080,3,'2018-04-19 10:27:04',67.08),(1081,4,'2020-12-15 09:26:49',176.80),(1082,1,'2017-03-21 10:43:18',255.97),(1083,2,'2022-12-07 12:28:41',413.25),(1084,7,'2022-08-18 16:36:22',222.60),(1085,3,'2017-11-24 11:32:54',557.70),(1086,3,'2021-06-10 13:15:25',782.10),(1087,6,'2019-02-02 17:26:46',335.50),(1088,8,'2021-11-06 11:04:09',266.10),(1089,6,'2019-03-14 16:09:07',482.65),(1090,5,'2018-08-17 14:11:59',297.10),(1091,3,'2019-01-17 15:51:04',374.70),(1092,4,'2020-06-10 10:20:00',503.92),(1093,6,'2020-08-14 13:51:49',295.15),(1094,2,'2018-08-22 08:07:32',203.86),(1095,2,'2019-05-10 10:18:23',358.71),(1096,5,'2017-02-13 13:58:42',504.42),(1097,2,'2017-02-08 12:34:28',347.55),(1098,1,'2017-12-21 10:57:12',57.80),(1099,3,'2018-04-09 12:58:40',611.03),(1100,7,'2020-10-31 16:47:34',688.75),(1101,5,'2023-02-27 13:45:40',298.00),(1102,8,'2025-05-06 15:18:34',533.20),(1103,6,'2025-07-25 09:01:06',53.32),(1104,9,'2023-03-10 11:11:18',76.40),(1105,9,'2023-06-17 09:20:36',56.12),(1106,5,'2023-06-24 10:57:27',413.53),(1107,8,'2025-05-07 14:08:37',52.36),(1108,10,'2023-07-30 17:15:22',288.87),(1109,3,'2025-01-29 13:27:30',48.20),(1110,8,'2023-12-10 10:16:19',558.08),(1111,7,'2025-08-20 10:25:40',379.20),(1112,1,'2024-03-19 09:06:06',649.75),(1113,7,'2025-06-08 08:26:59',603.90),(1114,1,'2024-09-18 20:06:33',128.65),(1115,4,'2024-03-26 17:59:38',339.66),(1116,2,'2025-04-29 13:59:54',197.27),(1117,7,'2023-09-25 11:06:49',267.18),(1118,7,'2024-07-19 10:55:07',18.54),(1119,8,'2025-05-04 15:29:30',229.80),(1120,2,'2023-01-01 14:40:31',386.60),(1121,6,'2024-11-23 17:11:03',159.84),(1122,5,'2023-12-10 09:02:16',63.32),(1123,9,'2024-06-22 09:54:59',331.20),(1124,1,'2023-05-15 11:53:51',243.52),(1125,6,'2023-05-16 09:26:01',387.60),(1126,1,'2024-10-24 13:55:58',285.35),(1127,1,'2023-05-30 11:06:15',437.65),(1128,6,'2025-02-09 11:50:32',566.14),(1129,5,'2023-06-21 10:32:37',517.43),(1130,3,'2023-02-25 09:37:54',553.35),(1131,10,'2023-11-12 12:38:20',219.61),(1132,1,'2024-02-03 10:24:48',450.93),(1133,7,'2024-10-30 09:51:16',592.50),(1134,5,'2025-05-13 12:20:48',596.40),(1135,4,'2024-12-17 09:48:13',70.55),(1136,9,'2024-04-13 13:47:44',287.20),(1137,7,'2025-05-31 12:48:07',48.84),(1138,9,'2025-02-24 13:39:45',139.10),(1139,9,'2025-03-15 13:38:36',18.27),(1140,1,'2025-03-31 15:10:32',247.00),(1141,9,'2023-10-04 12:26:26',468.70),(1142,8,'2023-01-03 08:10:49',328.50),(1143,2,'2023-11-06 11:40:51',147.86),(1144,7,'2023-08-20 08:02:34',73.57),(1145,3,'2025-02-20 12:28:01',500.58),(1146,8,'2024-02-12 08:43:02',99.34),(1147,9,'2025-07-17 11:18:00',16.02),(1148,2,'2023-11-04 09:21:21',187.45),(1149,4,'2024-01-09 08:37:25',43.30),(1150,2,'2024-09-18 14:27:02',410.19),(1151,8,'2025-06-05 13:36:12',286.88),(1152,7,'2025-06-15 08:54:07',379.50),(1153,1,'2024-07-30 09:53:26',182.00),(1154,2,'2023-01-26 16:34:29',349.30),(1155,10,'2023-08-09 15:46:24',47.60),(1156,6,'2023-10-30 16:29:48',256.87),(1157,2,'2024-10-23 10:36:58',434.56),(1158,7,'2024-01-12 09:29:32',55.28),(1159,8,'2025-02-08 09:20:31',185.50),(1160,8,'2024-08-28 13:48:36',121.74),(1161,5,'2023-11-06 17:37:49',447.60),(1162,9,'2025-08-21 16:20:36',485.26),(1163,8,'2023-09-26 12:46:50',346.97),(1164,7,'2023-05-18 13:00:15',34.32),(1165,1,'2024-10-14 11:44:35',207.50),(1166,7,'2025-05-08 11:09:33',227.77),(1167,9,'2024-10-11 13:48:05',203.20),(1168,5,'2024-11-23 14:29:42',409.48),(1169,10,'2023-10-06 13:55:02',408.05),(1170,2,'2023-07-28 11:51:06',139.84),(1171,2,'2024-02-29 13:34:30',46.44),(1172,8,'2024-10-04 13:06:20',216.80),(1173,7,'2023-10-19 08:14:31',318.07),(1174,2,'2023-12-09 09:21:26',197.00),(1175,7,'2025-05-08 11:56:16',218.09),(1176,1,'2023-05-11 10:53:08',94.30),(1177,7,'2023-04-16 14:00:17',606.40),(1178,9,'2025-07-06 12:30:24',317.49),(1179,3,'2023-05-08 15:33:44',118.72),(1180,5,'2025-02-01 17:15:29',334.14),(1181,7,'2024-08-28 17:11:48',63.24),(1182,5,'2025-06-19 10:04:42',363.20),(1183,9,'2025-02-12 14:27:25',409.10),(1184,2,'2024-09-08 15:14:12',157.80),(1185,1,'2025-08-04 10:57:37',245.74),(1186,8,'2024-06-11 12:39:42',26.25),(1187,2,'2023-08-10 14:50:59',272.60),(1188,1,'2023-12-14 12:02:24',188.25),(1189,10,'2024-11-16 13:32:00',341.95),(1190,7,'2025-03-09 13:06:02',532.60),(1191,9,'2025-01-27 13:59:35',246.65),(1192,10,'2025-08-08 15:34:44',94.87),(1193,2,'2025-08-25 20:08:04',54.98),(1194,10,'2024-06-01 14:03:45',138.40),(1195,10,'2024-05-23 14:24:06',464.40),(1196,10,'2024-12-03 09:40:19',213.60),(1197,8,'2023-10-06 09:29:03',262.34),(1198,9,'2023-05-21 10:14:51',266.60),(1199,3,'2025-01-29 08:40:04',61.13),(1200,6,'2024-08-06 11:22:23',270.14),(1201,9,'2025-09-03 17:03:39',156.30),(1202,9,'2022-01-25 15:08:34',812.05),(1203,1,'2023-09-25 12:06:49',267.18);
/*!40000 ALTER TABLE `orders` ENABLE KEYS */;
UNLOCK TABLES;

--
-- Table structure for table `products`
--

DROP TABLE IF EXISTS `products`;
/*!40101 SET @saved_cs_client     = @@character_set_client */;
/*!40101 SET character_set_client = utf8 */;
CREATE TABLE `products` (
  `id` int(11) NOT NULL AUTO_INCREMENT,
  `sku` varchar(30) NOT NULL,
  `name` varchar(100) NOT NULL,
  `category_id` int(11) DEFAULT NULL,
  `price` decimal(10,2) NOT NULL,
  `stock` int(11) NOT NULL DEFAULT 0,
  PRIMARY KEY (`id`),
  KEY `category_id` (`category_id`),
  CONSTRAINT `products_ibfk_1` FOREIGN KEY (`category_id`) REFERENCES `categories` (`id`)
) ENGINE=InnoDB AUTO_INCREMENT=19 DEFAULT CHARSET=latin1 COLLATE=latin1_swedish_ci;
/*!40101 SET character_set_client = @saved_cs_client */;

--
-- Dumping data for table `products`
--

LOCK TABLES `products` WRITE;
/*!40000 ALTER TABLE `products` DISABLE KEYS */;
INSERT INTO `products` VALUES (1,'LF-APL-001','Apple – Braeburn (loose)',1,0.30,450),(2,'LF-APL-002','Apple – Granny Smith (loose)',1,0.32,450),(3,'LF-ORN-003','Orange – Navel (loose)',1,0.35,300),(4,'LF-PER-004','Pear – Conference (loose)',1,0.28,270),(5,'LF-BAN-005','Banana (loose, per item)',1,0.22,580),(6,'LF-LMN-006','Lemon (loose)',1,0.20,250),(7,'LF-LME-007','Lime (loose)',1,0.18,240),(8,'LF-PCH-008','Peach (loose, seasonal)',1,0.40,170),(9,'PF-APL-101','Apples – Braeburn Bag (6 pack)',2,1.40,110),(10,'PF-APL-102','Apples – Granny Smith Bag (6 pack)',2,1.45,100),(11,'PF-BAN-103','Bananas – Family Bag (8-10)',2,1.60,90),(12,'PF-MDT-104','Mandarins – Net (1 kg)',2,1.95,75),(13,'PF-GRP-105','Grapes – Red Seedless Punnet (500 g)',2,2.20,60),(14,'PF-GRP-106','Grapes – Green Seedless Punnet (500 g)',2,2.15,65),(15,'PF-BRY-107','Strawberries Punnet (400 g)',2,2.50,40),(16,'PF-BRY-108','Blueberries Punnet (250 g)',2,2.30,35),(18,'PF-PIN-109','Pineapple Chunks (200g)',2,1.99,0);
/*!40000 ALTER TABLE `products` ENABLE KEYS */;
UNLOCK TABLES;

--
-- Table structure for table `qa_samples`
--

DROP TABLE IF EXISTS `qa_samples`;
/*!40101 SET @saved_cs_client     = @@character_set_client */;
/*!40101 SET character_set_client = utf8 */;
CREATE TABLE `qa_samples` (
  `id` int(11) NOT NULL AUTO_INCREMENT,
  `product_id` int(11) DEFAULT NULL,
  `sample_time` datetime NOT NULL,
  `brix` decimal(4,2) DEFAULT NULL,
  `temperature` decimal(4,1) DEFAULT NULL,
  `passed` enum('yes','no','pending') DEFAULT 'pending',
  `tech_id` int(11) DEFAULT NULL,
  `note` text DEFAULT NULL,
  PRIMARY KEY (`id`),
  KEY `product_id` (`product_id`),
  KEY `tech_id` (`tech_id`),
  CONSTRAINT `qa_samples_ibfk_1` FOREIGN KEY (`product_id`) REFERENCES `products` (`id`),
  CONSTRAINT `qa_samples_ibfk_2` FOREIGN KEY (`tech_id`) REFERENCES `wh_users` (`id`)
) ENGINE=InnoDB AUTO_INCREMENT=20 DEFAULT CHARSET=latin1 COLLATE=latin1_swedish_ci;
/*!40101 SET character_set_client = @saved_cs_client */;

--
-- Dumping data for table `qa_samples`
--

LOCK TABLES `qa_samples` WRITE;
/*!40000 ALTER TABLE `qa_samples` DISABLE KEYS */;
INSERT INTO `qa_samples` VALUES (9,11,'2025-08-28 15:00:00',10.72,4.9,'no',9,''),(10,11,'2025-08-02 01:00:00',13.39,4.1,'no',9,''),(11,14,'2025-08-03 15:00:00',12.32,4.7,'yes',9,''),(12,5,'2025-08-13 00:00:00',10.96,2.5,'no',9,''),(13,15,'2025-08-07 19:00:00',8.53,5.0,'no',9,''),(14,8,'2025-07-31 14:00:00',12.13,4.1,'no',9,''),(15,11,'2025-07-04 15:00:00',11.53,3.2,'no',9,''),(16,12,'2025-07-26 14:00:00',13.21,3.8,'no',9,''),(19,7,'2025-09-09 13:38:37',6.00,18.0,'no',NULL,'Low sugars');
/*!40000 ALTER TABLE `qa_samples` ENABLE KEYS */;
UNLOCK TABLES;

--
-- Table structure for table `stock_take_lines`
--

DROP TABLE IF EXISTS `stock_take_lines`;
/*!40101 SET @saved_cs_client     = @@character_set_client */;
/*!40101 SET character_set_client = utf8 */;
CREATE TABLE `stock_take_lines` (
  `id` int(11) NOT NULL AUTO_INCREMENT,
  `stock_take_id` int(11) DEFAULT NULL,
  `product_id` int(11) DEFAULT NULL,
  `counted_qty` int(11) DEFAULT NULL,
  PRIMARY KEY (`id`),
  UNIQUE KEY `take_product` (`stock_take_id`,`product_id`),
  KEY `product_id` (`product_id`),
  CONSTRAINT `stock_take_lines_ibfk_1` FOREIGN KEY (`stock_take_id`) REFERENCES `stock_takes` (`id`),
  CONSTRAINT `stock_take_lines_ibfk_2` FOREIGN KEY (`product_id`) REFERENCES `products` (`id`)
) ENGINE=InnoDB AUTO_INCREMENT=65 DEFAULT CHARSET=latin1 COLLATE=latin1_swedish_ci;
/*!40101 SET character_set_client = @saved_cs_client */;

--
-- Dumping data for table `stock_take_lines`
--

LOCK TABLES `stock_take_lines` WRITE;
/*!40000 ALTER TABLE `stock_take_lines` DISABLE KEYS */;
INSERT INTO `stock_take_lines` VALUES (17,3,1,450),(18,3,2,430),(19,3,9,100),(20,3,10,100),(21,3,5,580),(22,3,11,90),(23,3,16,35),(24,3,14,65),(25,3,13,60),(26,3,6,250),(27,3,7,239),(28,3,12,80),(29,3,3,300),(30,3,8,170),(31,3,4,270),(32,3,15,40),(33,4,1,450),(34,4,2,450),(35,4,9,100),(36,4,10,100),(37,4,5,580),(38,4,11,85),(39,4,16,35),(40,4,14,65),(41,4,13,60),(42,4,6,250),(43,4,7,240),(44,4,12,75),(45,4,3,300),(46,4,8,170),(47,4,4,270),(48,4,15,40),(49,5,1,450),(50,5,2,450),(51,5,9,100),(52,5,10,100),(53,5,5,550),(54,5,11,90),(55,5,16,35),(56,5,14,65),(57,5,13,60),(58,5,6,50),(59,5,7,240),(60,5,12,74),(61,5,3,310),(62,5,8,170),(63,5,4,270),(64,5,15,40);
/*!40000 ALTER TABLE `stock_take_lines` ENABLE KEYS */;
UNLOCK TABLES;

--
-- Table structure for table `stock_takes`
--

DROP TABLE IF EXISTS `stock_takes`;
/*!40101 SET @saved_cs_client     = @@character_set_client */;
/*!40101 SET character_set_client = utf8 */;
CREATE TABLE `stock_takes` (
  `id` int(11) NOT NULL AUTO_INCREMENT,
  `taken_at` datetime NOT NULL,
  `clerk_id` int(11) DEFAULT NULL,
  `note` text DEFAULT NULL,
  `reconciled` enum('no','yes') NOT NULL DEFAULT 'no',
  PRIMARY KEY (`id`),
  KEY `clerk_id` (`clerk_id`),
  CONSTRAINT `stock_takes_ibfk_1` FOREIGN KEY (`clerk_id`) REFERENCES `wh_users` (`id`)
) ENGINE=InnoDB AUTO_INCREMENT=6 DEFAULT CHARSET=latin1 COLLATE=latin1_swedish_ci;
/*!40101 SET character_set_client = @saved_cs_client */;

--
-- Dumping data for table `stock_takes`
--

LOCK TABLES `stock_takes` WRITE;
/*!40000 ALTER TABLE `stock_takes` DISABLE KEYS */;
INSERT INTO `stock_takes` VALUES (3,'2025-09-03 23:40:55',NULL,'','no'),(4,'2025-09-09 13:04:18',NULL,'','no'),(5,'2025-09-09 13:34:47',NULL,'','no');
/*!40000 ALTER TABLE `stock_takes` ENABLE KEYS */;
UNLOCK TABLES;

--
-- Table structure for table `users`
--

DROP TABLE IF EXISTS `users`;
/*!40101 SET @saved_cs_client     = @@character_set_client */;
/*!40101 SET character_set_client = utf8 */;
CREATE TABLE `users` (
  `id` int(11) NOT NULL AUTO_INCREMENT,
  `username` varchar(50) NOT NULL,
  `password` char(32) NOT NULL,
  `role` enum('admin','clerk') NOT NULL DEFAULT 'clerk',
  PRIMARY KEY (`id`),
  UNIQUE KEY `username` (`username`)
) ENGINE=InnoDB AUTO_INCREMENT=2 DEFAULT CHARSET=latin1 COLLATE=latin1_swedish_ci;
/*!40101 SET character_set_client = @saved_cs_client */;

--
-- Dumping data for table `users`
--

LOCK TABLES `users` WRITE;
/*!40000 ALTER TABLE `users` DISABLE KEYS */;
INSERT INTO `users` VALUES (1,'admin','21232f297a57a5a743894a0e4a801fc3','admin');
/*!40000 ALTER TABLE `users` ENABLE KEYS */;
UNLOCK TABLES;

--
-- Table structure for table `wh_users`
--

DROP TABLE IF EXISTS `wh_users`;
/*!40101 SET @saved_cs_client     = @@character_set_client */;
/*!40101 SET character_set_client = utf8 */;
CREATE TABLE `wh_users` (
  `id` int(11) NOT NULL AUTO_INCREMENT,
  `username` varchar(50) DEFAULT NULL,
  `password` char(32) DEFAULT NULL,
  `role` enum('manager','clerk','qa') NOT NULL,
  PRIMARY KEY (`id`),
  UNIQUE KEY `username` (`username`)
) ENGINE=InnoDB AUTO_INCREMENT=10 DEFAULT CHARSET=latin1 COLLATE=latin1_swedish_ci;
/*!40101 SET character_set_client = @saved_cs_client */;

--
-- Dumping data for table `wh_users`
--

LOCK TABLES `wh_users` WRITE;
/*!40000 ALTER TABLE `wh_users` DISABLE KEYS */;
INSERT INTO `wh_users` VALUES (7,'wh_manager','1d0258c2440a8d19e716292b231e3190','manager'),(8,'wh_clerk','34776981fa47aa6cf3f2915d11bae051','clerk'),(9,'qa_tech','8264ee52f589f4c0191aa94f87aa1aeb','qa');
/*!40000 ALTER TABLE `wh_users` ENABLE KEYS */;
UNLOCK TABLES;

--
-- Dumping events for database 'stocktrackpro'
--

--
-- Dumping routines for database 'stocktrackpro'
--
/*!40103 SET TIME_ZONE=@OLD_TIME_ZONE */;

/*!40101 SET SQL_MODE=@OLD_SQL_MODE */;
/*!40014 SET FOREIGN_KEY_CHECKS=@OLD_FOREIGN_KEY_CHECKS */;
/*!40014 SET UNIQUE_CHECKS=@OLD_UNIQUE_CHECKS */;
/*!40101 SET CHARACTER_SET_CLIENT=@OLD_CHARACTER_SET_CLIENT */;
/*!40101 SET CHARACTER_SET_RESULTS=@OLD_CHARACTER_SET_RESULTS */;
/*!40101 SET COLLATION_CONNECTION=@OLD_COLLATION_CONNECTION */;
/*!40111 SET SQL_NOTES=@OLD_SQL_NOTES */;

-- Dump completed on 2025-10-03  9:15:29
